New_Price,Price
,1.75
,12.5
8.61,4.5
,6.0
,17.74
,2.35
,3.5
21,17.5
,5.2
,1.95
10.65,9.95
,4.49
,5.6
,27.0
,17.5
32.01,15.0
,5.4
,5.99
,6.34
,28.0
47.87,18.55
,8.25
,23.5
,1.87
,2.85
,4.25
,4.25
,2.75
10.57,9.9
,4.0
,7.75
,6.75
,12.5
,11.5
12.33,6.98
,1.85
11.12,8.63
,4.85
,28.0
,5.0
,1.25
,1.53
,5.58
,4.74
23.64,8.85
,10.11
,4.25
18.64,10.95
,3.85
,5.5
,21.43
,4.25
,3.3
,3.85
,3.6
,3.99
,3.3
,2.07
,7.75
,2.25
19.34,16.5
,2.75
,26.7
,10.0
,2.5
,13.5
,1.85
49.14,35.67
,8.15
11.81,10.5
,14.5
,9.65
,3.48
16.65,6.92
,6.46
,29.5
,2.0
,4.5
,11.75
,1.3
,3.75
6.67,4.5
,4.82
,2.8
,3.11
,3.25
,13.9
,2.25
,5.75
,2.1
,5.0
,16.5
,39.58
,5.5
,8.1
,3.5
,2.79
,3.45
,4.45
,2.65
,3.8
,4.65
6.45,3.95
,9.8
,2.7
,2.41
6.41,3.9
,24.0
,5.75
,5.25
27,19.25
5.13,3.91
,2.15
54.43,20.75
,3.35
,11.11
,20.0
9.51,6.55
,7.0
9.96,7.5
,0.85
,16.75
14.44,10.95
,2.45
,3.23
,7.75
,9.35
,3.25
,5.25
,7.25
,7.47
,13.25
,5.81
4.53,2.6
95.04,54.0
13.49,11.5
,1.6
,17.22
,6.0
,3.95
,17.95
,3.7
,5.43
,1.67
,13.49
,2.85
,4.75
,9.9
1.28,37.0
60.88,26.5
,23.32
,6.25
,30.0
,9.86
,8.5
,4.23
,3.5
,2.5
,2.39
,11.25
,7.11
,10.9
,6.2
,7.9
,4.42
,13.5
,6.25
,2.1
,45.0
,33.66
,3.65
,2.75
,42.5
7.39,6.5
,19.0
,4.45
,23.0
,8.35
,22.95
,1.5
,6.89
,1.45
69.47,33.5
,1.25
,4.2
,6.75
,32.0
8.78,7.5
,4.6
,4.04
,10.31
,55.76
,2.6
12.74,8.5
,2.95
,3.5
,3.55
,3.25
,4.5
,5.35
10.52,6.5
11.98,9.0
,6.0
,2.75
,1.5
,19.9
,10.0
,3.0
,2.11
,11.96
8.54,3.25
,4.75
,5.95
,8.15
,4.22
,10.5
,45.0
,2.9
,8.9
33.58,26.0
,8.22
,3.5
,1.25
9.12,3.7
,39.41
5.29,2.65
,8.92
,4.1
44.28,35.67
,3.6
,0.85
,3.32
,3.6
,6.8
,2.5
20.74,19.64
,7.0
11.74,3.87
,6.27
,18.12
,2.65
,7.2
,14.3
,6.9
,10.75
,0.95
,8.09
,18.5
,4.75
,8.45
,3.5
,1.8
,3.7
,7.17
,1.75
,21.99
25.52,18.65
,1.85
,5.95
,3.75
,3.75
14.07,2.6
,1.75
,2.8
95.13,61.29
,18.0
,4.35
,13.75
,2.0
,10.0
,1.65
,45.77
,3.25
,12.8
,0.55
,7.15
,7.0
8.34,3.75
,8.5
,4.35
,3.26
,4.21
,70.36
,2.95
,4.28
,3.57
,3.11
,5.96
,4.7
,6.9
8.34,5.25
,28.0
,1.35
8.85,4.85
,6.7
,3.1
,18.64
,2.8
25.4,20.25
,26.78
,8.26
,3.89
,2.1
16.67,12.69
,2.58
,20.77
,20.26
,1.5
,2.5
,4.25
79.43,57.0
,44.0
,3.65
,2.05
6.62,3.13
,1.5
,2.85
,2.65
,10.6
,1.25
,8.25
,4.45
,3.7
,2.8
,1.8
,21.95
,49.0
1.04,62.67
,1.4
,5.5
,2.95
,6.86
,6.15
,3.3
,2.55
,1.5
,2.5
,1.4
,3.4
,2.25
,7.5
,2.8
,7.66
9.12,7.15
,3.5
,3.5
,3.45
,3.55
58.67,25.99
,5.25
,2.9
28.37,2.05
4.48,3.75
,6.75
,0.95
72.64,52.0
,3.91
36.15,27.3
,2.7
,3.5
,6.2
,2.75
,3.25
,3.25
,0.65
44.59,35.0
,3.25
,2.9
,2.9
,17.75
,8.25
,5.77
12,9.49
,12.95
,20.0
,1.0
,7.1
,16.5
,26.0
,3.2
14.65,9.48
,4.0
,26.5
,11.77
,37.0
,8.75
,1.95
,3.75
,2.5
53.72,34.5
,4.65
,32.0
,62.81
,3.25
,3.1
,3.91
,11.0
,3.5
,16.5
,30.0
,28.0
33.91,28.0
,0.92
,2.75
,53.83
,4.95
,33.5
,27.95
,7.25
,25.71
,29.67
,19.0
,13.05
60.88,25.5
12.51,8.5
,7.25
,0.8
9.74,6.9
95.38,70.99
,2.25
,5.5
,4.35
,2.25
60.59,24.5
,5.45
,12.03
,8.5
44.28,28.5
,1.2
,5.75
,3.2
,9.89
,6.58
,4.06
,13.37
,25.82
,3.74
,22.0
,1.45
,2.0
,4.7
,3.75
11.28,7.7
,3.35
,2.6
,13.77
11.48,7.1
,2.65
,2.5
,7.53
,7.98
,39.0
,2.25
,3.85
,13.5
,3.5
11.26,8.92
43.65,20.37
62.07,36.5
,48.91
,7.2
,5.99
,5.25
,6.5
,4.4
,4.6
,2.95
,3.26
,2.22
,10.5
,8.26
,14.45
,2.5
86.97,51.43
,23.0
,5.5
,4.5
,6.8
,8.75
,7.0
,33.5
,2.25
,4.24
,28.42
,2.75
,3.0
,3.55
,4.8
,13.5
1,56.0
,3.99
,15.5
,2.32
,18.58
,5.5
,3.2
,4.0
,1.6
,4.15
,4.25
,2.6
,3.43
,2.55
,32.0
,6.25
,3.6
,18.5
,4.25
,4.8
,13.0
,2.25
,2.3
,13.56
,12.25
,3.76
,8.58
,27.5
,4.95
4.74,3.3
14.84,8.0
,2.79
,45.64
,2.55
,1.0
,37.56
,9.29
,6.37
,2.98
,5.75
,13.0
,6.8
,10.49
,5.6
,2.85
,8.36
,1.0
,10.75
,3.85
,3.0
,9.6
,13.25
,5.75
,6.75
,4.85
49.49,38.99
,2.85
,9.51
,18.5
,6.75
48.18,29.4
,3.29
,9.5
,2.2
,6.5
,4.9
12.34,6.75
,3.8
,29.5
15.38,10.5
,6.2
,5.0
,2.3
19.21,17.0
,25.5
,5.65
,5.6
,29.98
,7.39
22.95,19.0
,5.0
,3.35
,4.45
,8.31
11.15,6.0
,5.25
,1.4
,12.3
,1.5
10.32,8.12
,6.12
,10.88
,3.5
,6.15
,33.0
,13.5
,17.11
,29.77
,5.95
,5.75
,19.0
,4.75
,3.3
,16.5
,44.0
,4.39
,6.2
,24.22
,5.45
,44.0
28.05,24.82
,11.69
,20.0
,1.45
59.77,48.5
15.86,9.45
,12.5
,6.9
,5.8
,44.56
,8.5
,10.7
,12.0
,2.44
,1.95
,4.35
19.43,17.5
,2.9
,2.9
10.65,8.9
,16.75
,3.95
,2.1
,4.29
,3.85
,9.0
,4.5
,12.46
,4.65
,20.5
,2.9
,1.45
,0.65
42.12,29.5
,25.0
,3.5
16.95,11.25
15.45,10.79
,5.9
,5.12
7.87,5.7
,35.84
,1.25
,2.65
,9.19
,23.5
,12.5
,1.5
,0.8
,0.75
,8.1
,9.75
,37.93
,1.96
,20.5
4.7,2.75
,75.0
,2.8
15.02,9.25
,3.0
,23.89
,12.75
,4.15
,4.65
,8.9
,1.5
,3.27
,18.0
,6.3
12.56,11.31
,6.16
,6.0
11.33,5.43
,4.65
,7.5
,6.25
,9.25
,3.15
,2.3
,5.25
,7.4
,1.55
,6.0
,5.9
,4.7
,6.5
,3.55
,7.1
,6.0
,7.99
,4.1
,3.95
,4.38
,2.75
,55.54
,29.0
,6.6
,6.99
26.45,18.75
,1.28
,1.2
,4.31
,16.5
,5.64
,31.12
,25.46
,7.88
,36.0
,30.0
,2.85
,3.5
,7.5
,19.0
,54.0
,4.7
10.34,8.5
,17.0
,3.51
,19.5
,17.0
,43.35
,2.65
,3.52
,6.25
,24.75
,5.25
,11.0
,9.1
,3.25
,8.5
,3.1
,19.86
7.46,4.9
11.85,5.7
,1.75
,2.9
,7.83
,8.15
,2.0
,6.25
,3.4
,3.19
10.41,7.75
5.57,3.2
,4.9
,3.8
,4.0
42.48,23.5
,1.15
,2.2
,26.5
16.04,10.65
,35.68
,31.94
,4.2
,9.9
,15.46
9.1,8.46
,3.25
,2.6
,5.2
,1.8
,1.6
7.65,2.5
,2.5
,6.7
,1.2
,35.55
,7.75
,1.94
,2.2
,3.8
,15.65
,39.47
,1.5
,8.85
,17.9
,5.08
,6.25
,22.75
,1.46
,2.05
,4.08
,4.55
,14.0
13.74,10.9
,2.45
,15.8
,8.25
,8.5
,15.54
,2.35
5.72,4.32
,3.9
,5.2
,5.85
,6.25
21.33,17.63
,9.75
,55.0
,4.1
,11.99
,13.54
78.76,56.0
,6.5
,4.75
,5.6
,29.2
,6.35
,4.95
10.34,8.5
,4.5
,5.5
,6.56
4.29,2.3
,3.5
,4.55
,7.75
,5.25
,23.29
,23.99
,1.79
,13.9
,18.95
,2.49
,3.15
10.04,6.45
,4.25
,2.75
,7.14
,2.44
,3.5
,7.3
,2.75
,8.2
,6.51
,4.25
,6.21
,4.58
11.67,7.5
,2.1
,4.09
,10.75
,41.5
,4.4
,6.25
,10.5
,7.25
,3.2
,3.95
,12.07
25.52,18.6
,5.7
,1.75
,10.99
,14.5
,3.11
,13.96
,7.11
,6.9
,7.77
,5.5
,5.35
,4.5
,4.75
,32.8
,0.7
,50.29
,10.99
,5.57
8.56,5.9
,9.43
,2.9
,3.68
,21.67
,12.5
27,19.92
,6.75
,6.96
4.78,3.25
,8.65
6.14,5.0
,5.5
,2.6
,3.41
7.3,2.7
,5.5
,35.0
,9.75
,4.25
,3.2
,6.85
,4.5
,3.55
,1.9
,3.6
,21.8
,13.5
4.37,2.66
,3.75
,32.0
,8.07
,5.64
,23.99
,7.5
,27.0
,2.85
,6.35
,3.3
,5.0
,6.46
,3.75
,1.52
4.98,3.61
,43.74
,20.0
,3.0
,3.65
,5.25
,58.0
15.29,8.65
,2.5
,7.75
,4.15
,10.85
,5.53
,11.5
,40.0
,9.25
,2.29
,7.0
,1.65
,8.25
,9.14
,6.5
,2.95
,5.75
,2.85
,2.1
,13.55
,20.5
24.26,20.0
75.12,59.72
9.53,6.5
,7.5
,2.15
,8.44
34.6,12.49
,5.48
,4.2
,7.2
,4.8
,5.83
26.45,18.39
,5.85
11.15,6.21
,3.65
,3.7
,30.0
,4.85
,6.93
,2.6
,1.89
52.26,39.5
,10.0
,9.95
,9.45
,28.25
,1.8
,1.4
,7.25
,3.6
,1.2
,4.94
,1.25
,4.8
,31.15
,3.3
,2.4
,2.0
,3.1
,5.09
,1.05
,7.0
,2.5
70.43,17.5
,2.1
,17.75
,1.45
,2.45
,13.8
,5.85
,8.9
,5.15
,16.56
,1.65
,16.0
,1.45
,8.08
,4.5
,4.3
,2.6
4.8,4.45
,5.37
,1.75
,16.5
,19.0
,2.8
,6.2
,3.8
,6.1
12.12,11.65
,4.15
19.37,16.5
,4.3
,2.25
,6.75
,9.4
12.14,5.39
,8.51
,1.85
,2.5
,4.75
,3.5
,5.5
,6.33
,2.47
,3.3
,3.5
,38.75
,7.99
36.69,13.28
,9.5
,14.01
,6.99
,11.0
,11.0
,2.3
,26.5
,67.0
23.68,17.75
,4.8
,4.57
,3.5
,7.61
55.61,25.0
,5.88
,13.5
,4.6
,4.9
,5.25
14.1,12.41
,3.8
,8.95
,7.2
,4.5
,4.15
13.26,7.94
,7.25
,3.7
,2.45
,1.5
,12.0
,2.2
,3.6
,1.92
28.05,20.5
,4.25
,3.2
,2.6
,3.85
,3.48
,4.55
11.27,7.0
,5.75
,8.73
,1.7
,29.5
11.2,10.49
,64.0
,7.55
8.56,3.95
,3.25
,2.75
,7.35
,4.7
,8.77
,3.42
,2.5
,20.0
,5.25
,14.5
,3.45
,3.3
,51.0
9.46,6.5
,3.65
12.79,7.25
15.57,6.01
,2.8
,4.0
,5.95
,9.2
,5.35
19.86,12.0
,38.94
,2.69
,27.5
,2.75
,2.8
,6.45
6.59,5.88
,4.65
,2.5
86.97,51.35
,6.85
,5.25
,9.23
42.12,22.0
,5.19
,4.35
,24.5
,5.75
,9.19
,10.75
,2.99
,3.89
,11.73
,3.11
,14.45
,8.7
,5.04
,8.5
,15.65
,5.65
,16.5
,2.0
,3.9
,14.5
,44.0
6.54,5.0
26.56,19.75
15.05,11.44
,1.75
,5.6
,30.42
,9.57
11.01,3.5
11,10.46
,4.85
7.55,5.68
,13.25
,16.0
,3.0
,0.99
,5.0
,4.75
,5.35
7.82,5.98
,3.5
6.32,4.77
,5.45
,6.85
,7.3
,1.25
,8.25
,2.71
,3.6
,3.0
,4.65
,9.5
,2.95
,3.0
,5.95
,4.0
,2.5
,11.37
,2.25
,3.1
,17.18
,6.5
,5.7
,8.0
,2.6
,2.45
,11.57
,2.3
,5.9
15.14,7.2
15.72,5.9
,6.0
,1.95
,6.55
45.67,25.0
,2.65
,69.5
54.7,14.0
,2.1
22.87,20.4
6.74,5.68
,5.55
33.09,12.75
,3.35
,1.55
,5.9
,18.98
,11.51
,7.75
,13.9
,1.35
,38.0
,11.6
,12.25
,3.8
,3.25
,6.4
,3.95
,3.57
,1.25
,3.65
,12.5
,23.0
,1.35
,6.32
,3.4
,0.77
,0.9
23.25,18.0
,19.0
,1.1
,2.0
19.27,6.5
,9.45
,4.0
,32.25
,2.1
,9.75
,6.3
,21.0
,4.65
,17.0
,4.35
,14.82
52.77,40.0
11.67,6.15
,11.25
,32.0
,45.62
7.92,6.24
,4.8
,4.5
,3.87
,2.75
,6.57
,2.0
,3.65
,6.95
7.85,5.5
,7.0
,24.0
,11.0
,32.5
,6.45
,15.75
,5.5
,19.03
,15.25
,2.4
,2.3
,14.35
,3.5
15.55,11.97
,1.6
32.45,18.9
,5.4
4.83,2.95
,5.1
,1.5
,4.9
,2.9
,1.15
,2.3
,5.99
,3.4
,1.7
,1.99
,2.5
,4.85
,2.65
,27.35
,6.9
,3.5
,12.5
,9.2
,4.9
,3.2
,5.55
,13.5
,2.6
,4.5
,34.0
,12.0
7.13,5.25
,21.56
71.82,24.68
,3.67
50.97,29.5
,3.1
,2.9
,43.0
,15.95
,4.5
,3.49
,4.25
10.73,1.9
,16.57
,5.75
,14.0
9.5,2.5
,1.2
,0.85
52.46,13.95
,1.6
,3.6
,4.5
6.07,6.06
,5.29
,5.75
,5.8
,5.72
,4.39
,11.05
,4.83
5.54,2.96
,4.5
,19.5
,8.75
1.04,67.0
,8.4
,4.99
,8.18
,2.9
,7.1
,7.05
,17.5
,3.41
,1.3
,5.68
,4.1
,4.0
,30.0
,1.8
,6.93
,70.0
,7.9
,2.78
,14.4
,13.5
,3.15
,2.88
,2.15
,3.75
,3.6
4.33,3.6
8.63,7.55
,4.7
,1.6
,3.34
,9.1
6.68,6.17
14.07,2.5
,3.0
,5.75
,10.75
,2.85
,6.5
,9.45
,6.75
,7.75
,4.4
,42.0
,5.67
15.05,11.5
,1.69
,1.8
,3.2
,1.5
,45.86
,5.1
,4.85
,2.4
,22.0
,4.28
,5.67
7.98,6.2
,14.49
,3.0
,2.25
,43.78
,11.45
,10.5
,7.48
,3.1
,2.55
,3.5
,2.59
,5.45
,6.0
24.82,15.49
,12.5
,4.75
,7.85
,6.0
7.63,4.0
,28.75
,2.5
,5.5
,1.59
,6.22
,2.75
,1.35
,25.0
,2.8
,2.45
,6.35
,8.0
,8.25
,5.95
22.86,19.92
,3.15
,5.75
,32.44
,8.01
,6.48
,0.75
,5.0
,7.75
,2.6
11.06,9.2
,5.05
,9.6
,5.5
,9.35
,2.6
4.53,3.5
,4.26
,4.25
,11.75
,3.5
,7.5
,3.25
,4.9
,27.0
,8.91
,6.69
,6.02
19.39,4.5
,2.0
,2.4
,1.2
,2.9
,40.88
,27.0
,7.5
,1.5
,39.5
,3.39
,12.4
,6.85
,5.75
,2.0
,0.9
,3.8
21.77,16.35
,16.5
,8.7
,6.1
,21.94
,22.0
,2.65
,5.27
,2.48
,6.0
,8.9
,18.0
,11.64
,8.99
,5.25
,2.95
,2.65
,4.0
18.35,12.5
,3.25
,4.0
,6.25
9.19,5.8
8.09,5.0
,58.73
23.25,17.49
,1.95
,3.0
,5.5
,16.5
,14.5
,7.79
,8.27
1.39,97.07
,2.15
,3.0
,28.79
,5.45
,3.95
,16.0
,4.25
,34.5
,2.6
,13.48
,32.1
,6.17
,5.5
11.52,9.15
,4.5
,10.5
,5.37
,5.45
,9.25
13.23,7.7
,7.99
,3.0
,4.0
10.06,6.69
,4.25
15.34,10.5
24.01,22.55
,5.2
,11.87
,6.99
,5.0
,44.0
,2.79
,2.9
,9.85
,49.0
11.39,9.25
,3.75
9.79,7.29
35,23.5
,2.6
9.26,3.1
,29.98
,6.73
,3.5
,2.35
,16.13
,5.9
,3.9
,1.5
,6.95
,7.0
8.68,7.23
,3.81
,4.5
,12.6
,48.0
,2.96
,3.25
,8.5
,8.75
,3.08
66.39,41.5
,7.0
,11.5
,2.6
,4.3
,8.35
36.45,24.9
,13.75
,3.85
,23.25
,7.0
,5.75
,1.65
,6.5
,7.5
91.38,72.94
,11.0
,3.02
,3.32
,3.24
,2.35
11.15,5.5
,6.75
,6.15
,5.45
,2.3
,6.21
,5.21
,11.99
,3.1
,7.5
,4.0
,7.73
,7.8
,1.3
,4.42
,4.0
,13.0
,5.38
,3.25
,3.87
,8.25
,9.28
,6.25
,1.15
,7.8
,4.5
,7.56
,16.08
,4.5
,5.0
,2.2
,4.0
,2.51
,4.75
,2.0
,2.1
,6.25
,10.6
,6.0
,0.45
,2.5
,12.75
50.97,30.29
,1.6
,7.54
,6.84
,6.0
,8.0
,24.74
,5.5
,36.0
,11.79
,3.0
,6.75
,1.4
,5.75
,3.4
,4.89
,4.95
,3.49
,3.85
,6.35
,7.08
53.41,38.0
,6.25
,10.15
,10.75
,4.65
,4.75
,7.78
,6.75
,2.99
,2.35
,3.65
4.59,2.74
,3.5
,4.76
,6.2
,2.35
,24.5
,6.0
,3.65
,6.26
,2.1
,32.95
,7.8
,4.25
,4.86
6.54,4.9
,7.06
,4.5
4.7,3.22
,3.25
,4.53
,34.78
,6.5
,2.25
,8.0
,8.37
,5.39
67.87,37.3
95.13,70.8
,22.25
6.62,6.03
,4.9
,3.96
,4.6
,5.5
,3.25
,6.25
,3.0
,4.25
,12.25
,10.95
,16.5
9.44,7.8
,3.7
,4.0
,26.75
48.64,28.03
,5.44
,6.2
,0.9
,3.95
,0.44
,2.75
,7.5
,2.5
11.69,5.0
,3.6
,3.99
,5.64
,12.0
,0.7
,19.0
,30.48
11.11,8.2
,7.55
,0.99
,4.15
,6.2
,4.4
,2.1
,2.2
,8.34
,4.35
,6.8
,3.3
,5.04
,9.2
,5.7
,8.48
,48.0
,6.1
4.74,2.75
,8.0
,1.85
,3.85
4.98,4.74
,5.63
,2.62
,4.9
,2.65
,5.99
,2.4
4.98,4.25
,40.0
,2.7
,2.99
,3.4
,30.8
,5.85
,4.0
,14.12
,4.55
,38.0
,2.9
,6.0
,6.95
,2.75
,5.1
,6.75
,3.69
,5.45
10.57,9.29
,4.0
,2.9
,5.25
,5.75
,13.12
,7.83
,3.15
,10.4
,4.35
6.33,5.23
8.1,6.01
,4.4
,12.75
,2.4
,5.71
,5.49
,1.3
,8.5
,12.99
6.4,5.0
11.26,9.0
,5.22
,3.8
7.59,7.27
7,5.1
,29.0
,2.9
,1.38
,5.5
11.26,7.25
,6.98
7.43,5.25
,1.95
,24.5
,8.31
,36.0
,5.5
,5.89
,7.95
,2.75
,6.25
,4.95
,6.27
,8.65
,3.5
,35.0
,4.45
,2.65
,4.7
22.43,8.9
24.02,17.45
,9.58
21.69,6.22
,7.8
,27.75
,7.0
95.13,64.87
,6.5
,2.7
,2.5
,3.9
,3.95
,2.1
,3.5
,2.0
,5.35
,3.8
34.63,17.25
6.32,5.53
,1.95
,8.2
,0.9
,6.5
,19.41
,6.58
,2.1
,2.0
,3.7
,3.8
,3.25
,5.53
43.31,10.9
,5.1
,2.2
,1.6
,11.25
,5.9
,14.4
,3.6
,40.5
,38.95
,3.6
,7.12
,7.52
,10.35
,7.0
,10.85
,2.35
4.71,2.9
,7.65
,6.4
,10.1
,4.25
20.74,19.65
,4.4
,3.25
,2.8
,4.3
,1.55
,4.7
,7.07
1.02,79.0
6.71,5.75
,3.25
,8.89
,5.9
,4.95
,3.75
,10.97
,24.94
,1.97
,1.4
8.68,7.27
,4.0
,4.75
,5.1
,16.11
,10.55
34.45,30.0
,1.6
,18.49
,9.96
,4.75
,3.65
,15.5
,11.82
,2.05
,3.3
,2.25
,20.12
,4.95
,7.48
,5.5
,1.7
,13.19
,3.85
8.58,5.75
,9.0
,2.21
12.67,8.09
,48.63
,39.47
48.18,22.24
,2.6
,12.0
,18.0
,9.99
,2.45
11.89,8.99
,3.15
10.48,8.2
,11.5
,7.3
,1.59
,3.15
,8.5
,3.0
,21.0
,7.75
,23.0
,13.75
,8.29
,5.79
,30.5
,3.8
,4.45
,3.3
,1.75
,5.5
,13.35
,22.5
13.59,5.25
,3.75
,6.32
,7.75
,1.37
,2.1
11.02,9.3
,12.0
41.94,23.5
,1.8
,12.5
,4.74
,5.43
,31.62
,6.3
,8.45
,5.0
,13.0
,4.7
,93.67
,3.3
,1.51
,6.09
,5.95
,9.0
,4.25
,23.5
,6.35
,3.4
,93.0
,21.6
,4.0
,5.5
,19.25
,3.95
8.94,4.25
21.38,17.02
,6.5
,2.95
19.27,7.12
12.88,11.25
,2.75
,12.0
8.27,3.67
,5.0
,2.3
,2.2
,41.0
48.18,28.5
,5.49
,17.5
,1.99
,6.64
22.87,16.5
,5.0
,5.4
,2.99
,4.1
7.37,6.76
7.33,5.5
,5.99
,2.59
,26.75
,8.5
,23.0
,3.35
,10.75
,6.29
,7.75
,13.5
4.98,3.75
,3.75
,1.5
,1.45
,4.12
23.06,17.11
,10.25
,2.49
,3.85
,6.25
,4.88
,9.45
,4.8
,1.99
,2.8
,22.0
10.32,4.3
,9.75
,5.9
,14.5
,2.4
,2.11
,7.6
,3.6
,6.0
,7.45
,2.1
,5.2
,6.99
7.87,6.36
,11.62
1.4,43.6
,4.9
,6.7
5.58,3.05
,25.0
22.46,19.05
,4.5
,4.15
,11.9
,2.1
,6.95
,2.4
,2.65
,9.0
,2.1
,2.5
,8.95
42.48,34.0
,3.15
7.69,4.0
,4.45
,1.5
,14.5
9.4,8.41
,5.45
,8.9
,3.65
,29.0
,13.5
,5.4
8.1,5.89
,8.45
11.85,4.0
,45.0
6.08,3.94
,8.0
,4.1
,6.25
8.36,5.25
1.06,83.96
,1.93
71.15,21.0
6.82,4.3
,5.25
,32.0
,3.9
,2.2
,3.7
,11.27
,2.41
,19.0
,5.8
,13.52
,24.5
,3.25
78.76,56.73
,9.95
,5.5
,25.0
,1.0
,2.15
,7.89
,10.25
8.12,6.0
9.78,7.53
,39.45
,5.84
,8.65
,7.74
,2.5
,5.7
7.36,5.8
,36.5
,9.5
,3.48
,4.55
,3.9
,2.7
38.11,31.0
,10.3
,7.75
,3.2
11.75,4.85
,34.08
,8.1
,2.35
,1.8
,3.42
,5.34
,31.99
,4.75
,6.1
,3.69
,15.0
,14.5
8.44,5.65
,2.5
,38.5
,5.49
,3.55
,10.75
16.06,11.0
,4.5
,8.42
15.29,11.6
,33.63
,2.25
,12.95
,4.25
,25.02
6.63,3.95
,4.4
,4.95
,5.5
,3.25
,4.02
,11.73
,9.5
,8.6
,4.0
,5.55
,2.5
1.27,41.6
,7.41
,6.5
,1.2
39.6,23.0
,2.74
,3.9
10.91,8.0
,4.0
25.75,17.75
,5.05
,12.0
,29.6
,6.5
,4.75
,24.36
,3.2
5.29,3.6
,3.58
,2.5
,3.5
,25.0
5.61,1.75
,10.0
,7.75
,6.45
,10.0
,4.5
,3.4
,4.5
,4.3
,46.0
,3.4
,14.5
,2.1
,3.65
,3.0
,3.95
,6.75
,6.53
,22.0
,4.75
8.05,5.99
,3.05
,2.4
,1.3
8.82,6.71
,7.2
,5.4
,6.63
,7.5
17.38,14.21
,3.0
5.69,5.11
,3.39
26.56,22.99
,2.35
,2.85
,18.5
,5.99
,3.0
5.61,3.6
,24.0
,6.26
37.51,13.7
,35.0
,5.02
5.88,3.1
,5.5
,3.59
,4.65
,3.8
,12.5
16.95,12.9
,2.35
,4.15
,22.58
,2.65
,2.25
,16.0
,19.5
,21.0
63.71,17.5
,2.41
,4.45
,29.93
,2.95
,1.02
,11.0
,3.5
,5.35
,5.65
,22.0
,5.95
,2.35
,4.1
,5.4
11.47,8.45
,42.5
37.46,10.75
,1.65
,11.03
,3.5
,6.3
,6.75
,7.5
,15.5
,4.65
,7.58
,2.2
,21.0
,5.25
7.88,5.22
,2.0
11.37,9.18
,1.74
,4.45
,4.95
,5.64
,6.9
,13.95
,17.0
,4.6
,5.21
,12.34
,1.5
,22.99
,43.0
,40.0
,1.2
,2.9
21.77,13.9
,7.85
,54.45
,4.75
11.3,3.25
,7.1
,4.65
,5.0
,4.95
,9.8
92.5,78.8
,2.99
,4.45
,0.75
,5.0
,5.0
,4.7
23.64,9.69
,5.5
,65.0
,5.11
,2.19
,4.25
,14.5
15.06,5.65
34.45,22.5
,1.75
,1.5
,3.2
,4.5
,4.5
,8.0
41.94,28.9
,4.1
,2.3
,7.22
,5.8
,3.5
,6.35
,8.85
,2.0
,5.5
,2.3
,7.95
,6.16
,2.85
,25.0
,10.36
,26.0
,4.35
,4.5
,5.0
,3.67
,6.0
,6.34
44.28,22.0
,1.67
,7.95
,9.74
,6.0
,1.5
39.57,21.5
5.54,3.9
,2.35
,2.65
,3.16
,2.05
,2.95
,3.9
,6.68
,3.5
13.7,8.11
,8.3
,45.61
,4.45
,7.85
,3.1
,3.75
11.16,7.65
,4.9
,16.52
,14.05
,6.75
,9.2
,3.0
,2.75
,20.5
,4.25
9.47,6.0
,6.0
,2.41
10.17,7.25
,23.65
,6.5
,18.06
,3.2
,6.42
,23.0
,5.9
,7.75
,15.0
11.47,9.0
,11.5
,6.2
8.17,5.92
9.58,6.29
,4.12
,3.8
,2.7
,20.28
,3.9
,16.5
,3.7
,79.0
47.87,17.99
,3.9
,3.12
,1.65
,3.5
11.67,4.85
,39.22
,2.0
,10.45
,27.0
,2.25
,3.45
,6.14
,2.85
,3.25
9.14,4.0
,2.59
,6.96
,2.19
,3.0
9.96,3.6
,3.7
63.71,21.75
64.14,45.0
4.7,3.19
7.85,6.2
,3.96
,0.82
,4.5
,3.55
,5.5
16.36,10.25
37.38,30.0
,3.5
,3.1
,3.25
11.89,8.99
,3.99
,6.0
,18.25
,7.75
6.62,4.5
,16.75
,17.5
,7.7
,4.45
,5.25
,33.66
,2.8
,8.47
,9.32
,27.43
,6.5
,9.5
,31.8
,4.2
,3.85
,6.0
,1.65
,14.5
,7.1
,28.0
11.75,9.38
,4.78
,1.7
22.74,17.85
,2.75
,5.95
,1.5
,3.8
,38.5
,2.15
33.36,3.75
15.86,8.95
,5.0
,2.95
,10.49
,1.85
,6.45
,5.25
,5.99
,3.82
,39.0
,25.75
,2.2
,2.0
70.55,56.5
54.43,21.0
,4.0
,3.83
,5.89
,1.36
,44.0
,3.26
,8.0
,4.25
,6.0
,16.61
,7.26
,4.0
,34.51
,0.95
,2.2
,5.75
,1.2
1.13,36.75
,10.0
,17.89
,4.05
,22.0
45.36,27.87
10.13,8.75
,4.79
14.22,11.92
,53.11
,1.15
,7.45
,3.5
,70.15
,3.15
,19.5
,15.0
11.77,7.57
,4.4
,60.0
,1.6
,4.9
,5.95
,5.35
,5.4
,23.45
,1.9
,6.1
,4.95
,2.5
4.05,3.48
,4.4
,7.99
,10.99
,18.5
26.95,21.69
,5.17
,4.5
,6.75
,3.12
,8.25
28.05,20.14
,12.6
,6.61
,13.23
,4.75
,2.9
,5.5
,9.47
,1.95
,2.2
,1.15
,4.35
,4.5
,3.55
,4.75
,4.52
,12.75
,20.04
,6.5
,7.5
6.14,4.15
,2.5
,5.4
4.82,3.15
,52.5
,5.95
7.17,6.97
,3.2
,1.12
,6.69
,5.9
,2.25
,4.5
,2.61
,11.5
44.28,35.0
,0.5
,5.75
15.72,11.5
,2.75
,31.5
,4.92
,3.52
,17.55
,5.8
,6.95
,2.4
,5.25
,4.25
,1.5
,4.5
,2.5
,1.55
11.27,6.5
,18.0
,4.96
,3.25
,8.5
,2.75
,3.4
,7.0
,3.21
,14.25
,6.5
,5.49
,0.8
,1.99
,5.91
,6.44
,2.9
,4.6
,2.35
,7.21
,8.0
,3.5
,5.9
,1.74
,6.8
,7.5
13.58,8.0
9.09,5.99
,12.9
,7.0
,35.0
,5.5
,18.46
,2.4
,1.0
,2.65
,5.96
,75.0
,27.15
,10.5
,6.7
,4.9
,8.0
4.09,3.63
,4.8
6.83,4.25
,4.24
,30.27
,14.25
,3.41
,2.78
,15.5
,3.0
,2.3
,13.28
,2.25
5.04,3.36
,4.25
,4.3
,6.0
,9.18
,4.99
,3.75
,2.5
,7.2
,29.5
,17.55
,12.0
,13.5
,5.1
43.81,10.3
,5.7
5.12,3.41
,2.4
,5.6
,1.0
,8.2
48.64,27.5
5.71,3.5
5.87,4.58
12.56,10.34
,3.25
,5.0
,2.25
,51.52
,8.62
,7.25
8.16,5.47
,31.0
44.28,35.98
,3.42
,11.5
,7.25
,8.0
,7.33
,3.35
,4.4
,2.99
,5.6
,6.63
9.72,7.9
,7.0
,4.95
,9.19
,5.1
,5.9
10.3,9.51
,3.9
,5.39
,3.0
,4.3
,6.75
,4.5
,2.75
,9.0
,0.7
,2.55
,3.54
,4.25
,1.2
63.71,19.5
,12.0
,3.9
11.12,9.13
4.69,2.25
,3.25
,14.79
5.04,2.35
,3.1
,12.9
,2.5
,3.65
,7.5
,3.74
,5.86
,39.62
,7.05
,7.5
,2.1
,11.6
,19.25
24.01,17.92
,3.6
,4.5
,7.4
95.13,59.29
,5.5
,1.75
8.78,6.75
,3.95
,4.2
,8.4
11.26,8.25
,3.31
,7.5
,4.75
,8.79
,9.5
,1.6
,1.55
,5.85
,7.52
,3.6
,4.73
,10.5
,34.54
6.68,6.07
,7.76
,7.46
,3.49
,4.05
,11.88
,6.45
,50.0
,9.0
,14.25
,7.36
,4.4
,3.1
5.42,4.28
,5.5
,6.99
,4.29
,4.2
,4.11
,18.75
91.23,64.95
,1.59
,3.6
,7.87
7.14,5.55
,6.4
,2.65
,5.5
,7.31
,7.1
,7.83
,0.85
,3.55
,8.19
,28.0
,13.0
,3.29
,4.41
,4.99
69.59,17.98
,7.71
,2.8
,3.0
,12.49
,5.0
,32.64
,6.5
,35.0
,2.0
,9.46
,39.0
,15.0
,6.15
,14.5
,3.25
,5.18
,1.24
,2.8
,5.23
,0.45
,3.25
,1.5
,2.85
4.61,4.5
,16.25
11.26,7.75
,4.35
37.38,33.13
,3.63
,4.75
,6.51
5.3,4.8
7.97,6.0
,6.4
,4.9
,20.57
,4.76
,2.0
43.31,9.92
,3.69
,5.75
,5.7
,4.94
,4.29
,3.0
,6.5
,4.9
,5.4
59.38,24.0
,7.46
15.86,9.6
67.1,25.0
,6.8
,8.59
,5.29
,2.5
,13.9
,20.0
,3.4
,5.5
,3.65
,5.86
14.1,10.44
,5.0
,3.37
,6.95
12.22,9.9
,3.3
,50.5
,12.5
,20.5
,14.5
33.68,20.0
,5.25
,5.9
,2.6
,11.0
,15.5
,5.75
,75.0
,2.0
,2.3
,8.2
,4.8
,8.5
,2.9
19.27,6.5
6.96,5.85
26.95,23.91
7.96,7.36
,17.25
,7.0
23.06,17.65
,2.5
9.58,6.0
,8.25
,44.83
,10.5
,1.9
,4.25
,26.5
,22.5
,3.3
,4.3
,5.25
,11.75
,4.25
,14.22
,4.2
20.8,18.25
,18.5
,2.4
,6.5
,3.2
,3.99
,5.45
,2.7
,6.25
,13.28
,3.7
,39.51
,1.4
,3.5
,3.78
,2.7
,3.2
,5.0
,7.0
,2.85
6.78,4.25
,4.9
19.91,16.9
,4.25
,4.34
,17.0
,28.45
,6.15
,9.25
,4.85
,4.8
,2.3
,4.75
8.93,5.0
,2.5
,5.95
,16.0
,6.15
,4.05
,3.1
7.97,5.49
,42.91
,5.7
,2.85
,2.35
,14.76
,2.25
,3.65
,7.25
,10.69
,5.5
,5.1
5.04,3.25
11.66,9.25
,1.7
,2.87
,17.75
7.35,4.5
,2.95
,2.6
,3.0
,15.5
,2.8
,2.5
,5.75
6.99,2.8
,4.59
,3.65
,19.85
23.89,18.5
,6.95
,2.85
,3.75
,2.3
,2.3
7.27,5.95
,3.49
,47.7
,6.43
,4.5
,39.75
,4.0
,6.98
,1.75
,4.75
,23.5
,7.49
,10.85
,3.5
,6.3
,6.75
,28.88
,14.23
,15.0
,5.8
,3.75
,1.15
,12.75
,1.95
,4.95
,8.25
,20.99
,17.5
7.88,5.36
,6.35
,2.95
,55.7
,1.15
,37.5
,4.07
,2.99
,7.9
,7.49
,1.1
,56.0
8.84,3.5
,3.0
,6.1
,2.25
,5.95
,4.95
,5.49
52.46,6.67
,6.25
,1.51
,34.88
,6.9
,5.99
,10.4
,29.0
11.67,5.85
,2.21
,2.4
,3.0
,3.75
,2.95
,5.8
,4.9
22.37,16.95
,12.5
,5.0
12.02,4.68
,29.8
3.95,3.46
,4.0
,4.5
,5.87
,9.5
,32.5
,3.88
48.79,13.08
,3.5
,3.5
,4.45
,2.35
,5.0
,28.0
,2.0
,6.35
,24.63
,3.0
,7.9
,3.25
,8.25
,2.85
,3.2
,1.75
,3.38
,5.75
,4.7
,2.9
,4.25
,14.5
,5.34
,3.85
,8.5
,4.2
,6.75
,26.0
,8.61
,1.46
,2.8
4.66,4.0
,5.47
,2.45
,21.5
,1.38
,13.5
,3.1
,5.49
11.29,9.51
,2.39
5.35,3.25
,5.65
,1.85
1.36,2.02
,5.8
,6.9
,5.35
,2.85
,22.75
,0.45
,4.64
,5.27
,10.0
6.23,3.95
,3.38
,16.8
,1.99
,5.84
,36.15
,25.7
,9.24
,7.65
,25.31
,4.75
,6.69
,3.1
,1.55
7.98,6.84
,1.6
47.16,21.73
,4.75
,2.45
41.98,31.55
,10.25
35.29,27.36
,6.5
,4.25
,5.5
,4.0
7.63,4.65
,28.5
,7.11
,3.9
,5.6
7.91,2.25
,3.9
,28.63
,7.25
,2.0
,3.5
,5.0
5.36,3.72
5.51,3.45
,4.5
,14.36
,5.5
,3.0
8.1,6.08
,5.0
,20.25
,1.2
20.97,18.0
,17.5
,2.1
,7.5
34.89,24.77
,8.65
,35.5
,10.5
16.4,13.0
1.66,26.5
,1.4
,7.51
,4.3
15.29,8.95
,6.91
,9.75
,4.0
,3.65
,10.75
,4.51
,49.22
,3.7
,12.99
,4.15
,4.4
,4.25
,4.25
14.67,7.7
,39.75
12.57,8.5
,7.0
,0.8
,15.25
,2.25
,4.85
,6.42
9.48,2.5
,5.75
,0.5
,11.52
,4.5
,4.75
,13.54
,23.41
,19.25
,20.0
,13.0
,3.99
,4.65
8.95,4.65
,3.15
,8.25
,65.0
,4.5
23.19,17.5
,4.31
,6.2
,4.67
,3.32
,3.75
,4.7
,6.5
,7.25
,8.94
8.24,7.34
,6.9
8.71,5.9
,6.75
,4.1
44.75,27.0
,4.5
,14.5
,5.25
,1.2
,4.95
,7.5
87.57,48.0
,4.45
95.13,59.65
,4.38
,7.9
,1.88
,10.5
8.57,7.29
,6.0
,6.7
,1.5
35,23.8
,7.77
,3.32
,4.94
,11.0
,3.4
,4.17
,1.25
,5.45
,2.59
,12.01
,2.45
,29.0
,2.4
,11.99
,7.9
,6.25
,1.8
,2.8
,4.9
,2.25
,8.89
,15.0
7.56,5.65
,7.0
,2.95
,3.3
,3.5
,2.3
,13.69
,3.1
,12.75
,13.75
,6.75
,5.25
,8.75
,8.87
,6.5
,4.5
,12.5
,16.8
,8.75
,8.5
,2.21
,1.6
,6.25
,2.25
43.07,25.75
,6.75
,6.25
,5.1
,10.75
,5.7
,5.95
,2.4
,3.49
,4.0
7.83,3.85
,3.95
,3.0
,6.7
,6.14
,4.4
,4.25
,25.93
,7.0
,25.12
,4.45
,2.4
,4.33
,6.93
,4.25
,12.5
,4.9
,4.5
,3.0
,5.8
,3.33
,6.62
,5.75
,6.2
6,3.5
,2.0
,4.0
,9.5
,17.5
,6.11
,3.75
,6.2
,6.15
,2.4
,2.15
,3.75
,2.15
,4.75
,2.45
13.76,11.15
14.11,8.9
,4.35
,12.0
,8.5
,4.27
,4.25
,9.25
9.12,8.61
,28.0
11.2,9.25
,8.6
,7.53
,5.75
,4.15
,5.84
,16.5
,43.0
,3.55
,8.9
,2.5
,3.85
,7.5
,1.8
,2.25
,24.25
,4.35
,11.5
,4.75
,4.99
,9.15
,2.35
,13.99
,19.75
,16.77
,2.5
,3.65
,23.5
,3.11
,4.57
,5.32
,3.2
,5.63
,3.0
47.87,9.25
,1.2
,2.15
,3.05
,11.5
,2.3
,4.95
,4.75
12.47,10.15
,2.65
,3.8
,16.68
,5.0
6.51,3.75
,4.11
,4.25
,3.45
,22.5
,4.5
,0.9
,1.85
,3.25
,3.1
,7.34
,4.25
,6.45
,10.75
,27.75
,0.99
,24.0
,6.1
10.32,8.25
,4.65
,9.75
8.1,4.4
,3.99
,45.73
,5.27
,3.5
,7.25
,1.6
,6.0
,3.0
,4.95
,8.99
,1.85
,6.16
,3.5
7.52,4.5
,7.75
,6.6
,4.98
,9.75
,5.55
15.68,10.3
,7.5
,1.8
,6.25
,6.8
,3.0
,11.6
,6.95
,3.5
7.45,5.5
,5.65
,3.25
,7.72
,12.0
,1.55
,10.75
,6.72
,28.55
,75.0
,10.49
,3.8
,18.5
,6.0
,5.5
,2.3
,8.7
,4.95
,4.25
,10.94
67.87,21.26
20.48,11.5
,6.0
,4.1
,2.01
,2.6
,2.35
,9.15
,2.9
,9.18
,11.45
,2.1
,5.53
,3.75
15.17,12.5
,15.5
,2.1
,14.5
15.05,12.46
,5.25
,14.5
,25.0
,2.66
,45.0
8.13,5.1
,3.5
,12.5
,5.55
,19.48
,3.91
,2.19
,6.89
,3.47
,3.25
,2.85
,25.64
,10.28
8.79,6.3
,4.75
14.72,5.8
,44.5
,4.65
,3.6
,12.25
25.54,20.0
,16.0
,6.21
,3.25
,9.75
,4.45
16.84,12.0
,0.8
8.28,5.95
,3.0
,5.25
23.94,22.2
,13.5
,13.5
,3.47
,9.5
,4.8
,6.54
,3.1
,7.99
,3.3
,8.75
,4.19
43.07,30.77
,2.11
7.88,6.25
,11.4
,5.2
69.37,39.84
,4.45
,19.5
,1.75
,5.1
,6.8
9.04,5.74
,3.3
,32.0
55.07,35.0
10.97,8.9
,4.0
21.72,19.46
,5.25
,2.6
11.47,9.22
,1.8
,1.3
,31.75
,5.99
,4.94
,1.5
,3.25
,1.95
,6.5
,3.71
,5.0
,1.99
,4.25
,8.0
,2.95
4.9,3.5
,16.0
,2.75
,6.95
,12.5
,36.83
,2.7
,9.9
,3.83
,5.25
,7.75
,2.46
,3.96
,8.25
,7.58
,3.99
,6.25
,5.0
,4.65
,21.37
,1.75
,16.09
,4.1
,3.56
,4.21
,6.86
,6.6
,14.35
,9.5
,21.9
,30.45
,5.1
,5.44
,1.6
,16.67
,9.5
,3.85
36.69,10.64
,3.5
,1.1
,2.6
,18.5
,1.35
,7.95
,5.49
10.1,6.95
,1.0
,4.45
12.53,6.99
,3.51
,7.54
,3.65
,16.0
,1.4
,6.45
,4.4
,5.95
,3.9
,35.28
20.87,14.25
,4.5
,7.5
,3.41
,3.25
,8.3
,3.45
,2.1
,11.95
,4.25
,8.25
,5.95
4.98,4.3
,3.9
,6.41
,8.36
,3.85
,36.0
,7.5
,5.7
5.9,5.5
,5.9
,7.75
,18.0
,4.4
11.66,8.27
,4.75
,3.8
,3.4
,4.7
,1.49
,4.5
,5.4
,11.5
,3.5
63.71,16.5
,3.9
,3.25
,5.84
,5.75
,10.0
,1.05
,5.64
64.57,50.97
60.88,29.95
,4.85
,14.5
,5.5
,3.2
,4.5
,30.72
,3.5
,6.99
,3.45
,6.57
,17.5
,3.75
13.23,9.99
,8.2
,1.1
,3.89
,2.45
,13.75
,3.0
11.06,9.25
,17.65
,18.25
,3.45
,23.75
17.21,5.45
6.56,5.25
,1.1
,2.9
47.2,14.2
,5.8
,7.22
6.82,4.87
,3.3
,3.0
,26.0
,2.9
,7.5
,2.36
12.56,11.39
,7.02
10.14,8.0
,7.11
,3.9
,2.15
,3.25
1.6,70.66
,4.61
,2.35
,4.05
,0.8
,5.6
,5.35
4.82,3.25
,11.5
,4.25
,4.45
,2.85
,7.85
,5.3
,8.0
,9.43
,2.75
,13.5
,9.99
,6.95
,6.75
,5.5
11.11,9.18
,4.15
,6.5
5.44,4.11
,2.25
,4.56
,4.0
,5.27
,9.11
,6.2
26.55,19.97
,10.17
8.26,4.5
,14.28
,2.47
,7.9
,2.3
,6.5
,3.25
10.06,5.85
,29.0
,25.71
,1.85
,22.75
,8.32
,26.0
,7.0
,3.45
,5.15
,3.51
,3.45
,3.75
,1.45
,2.2
,7.99
,6.75
,11.99
,5.0
,5.9
,3.75
,29.5
,4.75
,11.5
,6.95
,5.4
,4.75
4.5,2.15
,0.9
,3.5
,5.85
,3.15
,6.0
,2.23
,2.5
,3.87
,9.5
,17.75
,3.75
,1.5
,5.0
,17.0
,4.38
56.97,41.5
,3.0
12.56,11.0
,14.0
,7.65
11.19,8.7
13.33,9.9
,2.05
,5.25
11.67,5.77
,1.95
,7.45
,2.6
,3.25
,3.85
,7.5
47.87,11.5
,3.25
,1.5
,5.31
,9.0
,3.59
,7.35
,12.0
,6.02
,2.57
,12.45
,12.63
,7.75
,5.5
,4.43
,24.51
,2.65
,2.1
,3.2
,4.25
,1.1
,4.3
,8.9
,6.5
,3.5
,4.25
,16.46
,5.95
,7.1
,1.25
,2.5
,5.5
,3.25
,5.0
,6.58
,19.5
,6.14
8.75,4.95
,5.75
,6.6
,5.72
,2.6
,6.5
,6.1
,3.85
,4.5
,5.3
,18.25
,5.75
,3.35
,0.9
,5.5
,3.99
,18.75
,3.5
21.1,16.45
,3.65
,5.4
10.28,8.7
33.36,20.75
,12.5
,1.89
,4.0
,3.95
,7.85
,7.0
,24.99
,4.5
,1.25
,3.95
,1.6
,0.6
,3.39
,9.8
,5.91
11.56,8.25
,3.75
,12.5
,5.95
,3.8
,4.35
,32.5
,3.0
27.07,19.0
,5.0
,5.45
,2.7
,10.75
,5.8
,0.95
,0.63
21.38,17.55
4.36,3.0
,15.0
,6.0
,7.65
,8.5
,2.25
,4.65
,7.85
,3.46
10.81,8.25
,1.25
,16.0
,7.4
,3.07
,3.84
,4.2
,10.82
,6.1
,3.1
,1.0
8.55,4.69
,5.4
,12.0
,6.5
,3.0
,6.9
,4.0
,4.25
,5.1
,4.9
,3.6
,34.0
,8.25
,1.3
,39.05
,3.75
,2.1
,8.8
,5.84
,9.03
,3.25
,4.9
,6.46
,18.5
,2.7
,4.6
,5.35
,2.3
,15.45
,12.49
,48.76
,3.2
,8.75
,5.99
,2.9
,18.0
,1.8
,6.25
,5.45
,52.5
,5.6
,6.45
,3.7
,3.49
,3.55
,9.0
,2.7
,2.6
,1.5
,15.9
,5.2
,16.25
,3.31
,24.0
,2.5
,3.9
,3.85
,8.8
22.66,4.95
,5.75
,6.17
,3.45
4.24,3.2
,13.49
41.02,24.5
,14.7
,6.0
,34.18
,3.5
,2.15
17,11.25
,2.0
,4.27
,7.68
,14.52
,16.85
,5.75
,8.3
,3.95
,4.8
,12.0
,6.25
,2.5
,7.5
,3.5
,1.99
,2.25
,3.25
,28.5
,1.5
,7.0
,27.5
,10.5
,21.5
,35.0
,7.99
,4.88
1.28,40.5
,6.55
,29.64
,4.34
,6.22
,2.25
,38.0
,2.15
63.71,22.45
,20.87
,3.1
,5.95
,0.86
,9.25
,2.25
,6.13
,1.81
,3.79
2.3,160.0
,3.6
,3.85
,4.5
10.89,8.61
,6.5
,2.6
,15.0
,4.7
,12.99
,7.32
,6.5
,5.67
,3.0
,5.5
,3.35
,25.02
40.62,26.11
,7.09
,2.65
7.54,6.5
,4.5
,57.0
,3.82
,5.25
30.19,16.81
,21.5
,8.5
,3.25
,27.11
,5.95
,6.79
,2.55
,3.7
,6.75
,6.95
,2.78
,6.18
,36.0
,5.81
5.56,3.41
,26.5
,16.0
,12.13
,1.8
,6.25
4.43,2.75
,6.0
,11.56
,5.2
,7.52
,12.49
37.17,35.82
,6.25
,6.22
12.9,8.02
,3.75
,11.75
,2.25
,3.55
,38.15
,2.66
5.58,2.85
,4.95
,6.5
,2.4
,12.5
,3.0
8.58,6.67
,1.97
,2.8
,2.65
,4.75
,16.11
,19.0
,4.5
,8.25
,3.5
,8.5
,9.0
,6.75
,5.4
,3.5
,2.6
28.05,20.5
15.86,11.31
,4.5
,56.0
,5.2
,5.25
4.05,3.6
,3.3
,5.85
,3.9
,7.98
,4.3
,2.25
,3.2
,6.55
,6.9
,2.95
19.18,11.45
7.36,6.37
,5.0
,2.6
,1.9
,60.95
,4.44
,15.3
10.99,8.2
,5.25
,8.5
,23.75
,2.74
,13.83
,6.99
,2.25
,11.49
,2.87
,3.25
,3.5
,4.49
,2.9
,12.36
,6.0
,31.0
12.23,5.49
,5.86
,9.0
11.63,7.7
,9.47
,29.0
,5.42
,6.39
,2.75
,2.5
,2.35
,4.65
,6.0
,3.5
,7.0
12.27,7.75
3.91,2.93
,22.5
,40.66
,1.75
,8.2
,4.49
,26.5
,2.6
,1.65
,2.49
,5.4
,4.35
44.8,32.73
,26.0
,2.5
50.4,21.66
4.78,2.99
,2.61
,8.25
,12.5
,5.5
,5.53
,1.1
,6.85
,17.09
,4.93
,17.5
,1.95
,6.1
,1.8
,34.5
,4.01
7.36,3.15
,5.49
,10.0
,4.55
,1.5
,2.15
,1.4
,6.2
,19.8
,5.6
,9.5
,2.21
4.04,3.31
,5.44
,7.56
,3.2
,5.53
,17.0
,3.55
,2.65
33.36,17.85
,7.96
,4.25
,5.85
,13.0
,2.65
,4.75
,2.65
,3.0
,32.52
,7.75
26.55,19.6
,2.6
,3.76
,4.75
,1.75
,3.95
,1.0
,4.5
,17.23
,5.76
,4.32
,1.9
,5.5
,13.5
,9.75
,9.44
6.14,4.45
11.96,8.85
,2.15
,4.89
,6.25
,4.8
,1.8
,7.25
11.44,7.56
,6.82
,1.8
,11.5
,2.8
,5.5
,2.7
,3.25
,10.9
,4.07
24.63,18.0
,2.95
,7.5
,32.73
,21.5
,2.5
,5.5
,7.5
,1.55
50.26,29.0
,8.4
,6.5
,2.35
,5.55
,5.35
,5.25
7.45,5.87
,5.36
,7.75
,5.41
,3.65
,5.25
,6.25
,3.47
,8.85
,0.85
,13.65
,50.22
8.16,7.75
,10.05
,9.75
,23.0
24.01,21.42
,0.7
,5.21
,7.5
,2.65
,1.75
,1.0
,33.0
,2.2
,12.83
,68.94
13.72,4.1
,2.85
,3.7
,9.06
,4.75
,6.6
,3.5
,2.0
,3.89
,3.6
,6.95
,7.03
23.14,16.5
,7.67
,23.19
,6.21
,45.82
,5.95
,11.0
,7.19
,6.4
,26.0
,4.5
,3.1
,5.95
,1.2
,52.0
,48.0
,21.99
,4.3
,3.75
,8.95
,4.75
,14.6
,17.5
,5.2
,6.04
,2.7
,6.75
,2.35
6.29,5.0
,6.95
8.18,6.7
,25.0
,3.75
,3.75
,5.1
5.04,2.45
,3.25
,5.5
,3.77
,49.24
,3.04
,4.9
,6.25
,33.0
,27.0
,5.21
,5.75
,16.58
,11.0
,2.8
,37.99
,3.65
,6.0
,4.54
,5.4
,3.3
,18.25
,3.1
,3.84
,2.44
,3.6
,3.9
,2.9
,3.5
,3.5
,3.5
,7.0
,8.7
,45.0
,1.8
,0.99
6.4,4.8
,17.95
13.58,13.0
7.48,5.66
,3.1
,6.54
,13.2
83.92,56.8
20.74,19.4
,1.65
,4.35
,6.5
,1.11
,5.5
,11.0
,3.9
,1.8
,6.22
,4.3
7.82,5.99
,6.0
,5.85
,19.94
,2.9
,4.25
,5.99
8.54,3.3
,8.08
5.44,4.5
,6.5
,3.9
,5.25
,17.0
,3.5
,3.0
,4.87
,6.0
36.94,15.5
,1.6
,7.25
,3.25
11.16,3.4
,30.5
13.6,7.97
,13.51
,5.43
,2.6
,4.45
,2.75
,8.75
,5.41
10.7,8.55
,8.25
,23.58
,4.49
,12.99
,2.8
,8.43
,47.5
,8.95
,5.5
,4.75
,4.75
,9.5
,3.77
,4.25
,19.9
,4.0
,4.16
,38.0
,6.34
,4.5
4.87,3.75
,10.2
,5.0
,3.95
,9.75
,7.93
,2.1
34.6,16.42
,8.9
,7.21
,13.5
92.79,65.0
,7.4
,5.15
,32.0
,3.25
5.8,3.95
,1.5
,3.0
,1.99
,1.35
,13.5
,6.99
,8.5
,2.89
47.87,10.5
,3.97
,4.25
,6.17
,38.72
,6.5
,4.25
,4.75
,17.71
,5.85
63.71,17.27
,9.25
,12.75
62.11,27.0
,21.0
,7.95
,4.5
,33.75
,17.51
8.71,6.8
,1.68
,2.9
5.61,3.16
,3.9
,1.95
,26.52
,9.0
,4.5
,8.75
12.88,11.5
3.91,3.0
,3.79
,6.0
,13.25
,8.0
,5.8
,13.85
,13.5
,25.0
,5.49
,19.0
,2.5
,3.0
,6.64
,3.21
,1.55
,2.59
,4.0
,3.87
11,9.75
,32.91
,16.75
,1.9
,6.59
,31.93
,7.25
,1.9
,3.55
,9.25
,1.65
48.18,36.64
,16.0
,5.38
,3.15
,4.35
,1.2
,4.1
,18.75
,13.78
,4.0
,4.33
8.68,5.43
,4.9
,70.0
,25.5
,5.1
,6.7
,26.5
,3.9
,2.7
,2.95
,23.0
,2.49
,4.5
,4.5
,6.9
,20.72
,2.21
,0.55
,13.9
,1.46
,6.0
4.78,3.0
,3.5
,7.59
,1.99
,3.8
,4.0
,2.95
,3.75
,2.5
,3.75
,22.0
,6.14
,16.0
,3.75
,11.75
,24.0
10.83,8.9
,10.0
,5.55
11.05,3.59
,11.13
,7.2
,2.98
,1.7
,52.0
,0.95
,9.25
,16.25
,20.99
,4.25
,7.2
,4.4
,4.25
,5.35
,6.3
,12.5
,7.5
,11.25
,7.65
,4.5
,7.5
,7.1
,2.25
,27.0
,4.18
,6.5
,3.15
11.27,7.64
,2.4
,4.25
,9.31
,2.39
11.48,7.64
,6.21
,16.5
,8.22
37.17,28.85
,8.5
,90.0
,6.51
,4.65
,8.4
9.99,5.75
,1.11
,3.93
,17.25
,32.0
,3.45
,23.0
,7.32
,4.4
,47.35
,4.12
26.95,19.5
,6.2
,45.0
,0.85
,2.8
,4.8
,0.9
,5.65
,14.5
,5.9
,5.0
,4.9
,4.25
,10.9
,2.45
,2.5
,29.5
,5.75
6.71,5.0
,4.62
,23.5
,7.25
13.6,11.88
,2.25
,0.85
6.99,4.0
,5.1
,12.5
14.32,2.9
,15.96
,5.45
,23.86
,1.75
,9.75
,4.75
,6.25
,22.0
,14.14
,0.95
,11.95
,2.5
,2.75
6.21,5.85
,6.25
,4.95
,4.75
,2.55
,4.5
,3.01
74.49,42.0
,11.5
,10.99
,3.71
,2.0
,9.48
,1.25
,10.9
,5.5
,3.71
,6.25
,4.9
,1.1
,4.72
,3.7
,24.85
,12.25
,3.9
8.03,6.28
,2.75
,7.85
,2.95
,4.85
1.71,30.0
,19.9
19.18,10.8
,1.75
,19.25
,5.5
,2.75
,13.0
,3.2
,5.84
37.9,24.0
,6.25
,36.0
,3.0
,11.0
,6.5
,9.4
58.67,37.92
,5.25
,4.5
,18.0
,5.56
,22.0
,22.0
,2.65
,5.85
,6.95
,6.5
,0.85
32.54,7.25
,4.5
,4.25
,26.0
11.71,9.66
,6.85
,23.68
,15.75
,3.5
,6.99
,15.57
,5.29
3.98,2.25
,20.0
,47.5
,1.22
,3.65
,3.1
,11.5
4.09,3.46
,8.38
,4.8
,4.5
,0.8
,3.95
,3.65
,10.0
,4.0
,4.75
,3.1
,3.61
,4.29
,2.13
,1.1
47.2,13.95
,5.35
,3.9
5.56,2.8
,8.75
,19.5
,2.75
,8.0
,5.7
,12.5
,1.75
,1.9
,4.5
,30.3
,16.0
,32.78
,2.5
55.61,43.0
,5.38
,2.65
,3.3
,34.0
4.55,0.7
,6.83
,5.77
,3.1
,4.95
,16.25
,52.54
,6.4
,6.95
,0.85
8.8,6.95
,3.45
,2.75
,4.95
11.13,9.62
,6.79
,4.5
4.59,3.01
,4.4
,17.49
,4.66
,5.5
,6.0
,2.4
11.58,10.19
,5.25
,45.0
,2.7
,3.39
,5.69
,58.54
10.63,8.4
,2.5
,3.25
,3.25
,4.25
,18.5
,2.4
,4.25
10.3,8.85
,4.14
,12.75
,7.0
,33.0
12.68,10.0
,3.53
,1.35
,4.5
,4.9
,12.26
,3.99
59.77,46.95
,3.8
,6.75
,8.75
,5.2
,8.42
,3.0
,5.75
,9.75
,3.5
,30.0
,35.0
17.7,13.25
,3.65
,5.25
14.23,9.7
,5.21
,6.3
,4.72
,28.0
9.62,8.37
,14.0
,36.0
,6.4
,51.69
,8.0
,9.8
,2.7
53.14,24.37
,9.72
,5.0
,10.5
,3.9
,5.65
,29.95
,3.0
8.91,6.0
,2.11
,1.49
,1.5
,4.67
,2.85
,33.64
,0.91
,2.42
,3.25
,2.8
10.26,8.3
,5.25
,2.9
,15.0
,0.53
,12.5
,2.75
6.94,5.0
,7.09
,19.99
,10.75
,9.45
15.59,2.9
,4.7
,7.11
,6.25
,2.2
9.47,8.86
,9.3
,7.57
9.1,7.9
,5.65
,3.25
19.18,16.27
,3.21
,3.9
,6.5
78.31,48.0
42.89,18.9
,3.6
,5.5
,7.0
,41.75
,10.5
,10.09
,3.0
,12.0
9.56,4.91
,2.0
,5.3
,7.22
64.76,32.57
,2.75
,4.33
,3.75
,5.91
,4.35
,3.25
99.92,68.0
,5.5
,12.08
,7.48
,5.5
,3.5
,1.6
,15.5
,19.0
11.05,8.4
,7.25
,4.25
,5.7
,26.0
,2.49
,3.0
,5.95
,2.69
,26.0
,5.5
,4.85
8.63,8.39
,7.99
,6.95
,1.5
,1.55
,2.75
,4.25
,2.85
69.22,56.14
,10.0
,1.25
,7.5
,25.81
,4.3
,11.0
,11.75
,6.58
,4.8
,1.65
18.45,15.0
,1.0
,1.65
,3.6
,11.5
,3.6
,3.05
,6.0
,3.75
,6.17
9.89,9.05
,4.05
,4.25
4.87,3.75
,11.85
,8.24
,5.99
,6.5
,58.91
,8.0
,4.64
,3.32
,2.78
,8.95
,21.95
,7.9
,29.0
,3.25
,5.9
11,9.88
9.78,8.78
,2.75
,5.98
,31.0
,3.55
,6.24
,2.19
9.14,5.5
4.48,2.1
,50.66
,14.0
15.57,5.5
,1.2
,5.3
,6.3
,40.47
,16.1
,25.0
,7.95
,2.65
,2.81
,17.5
,3.3
5.12,5.34
,8.5
,2.69
,11.5
,4.06
79.43,49.0
,4.6
,3.96
,5.6
7.94,3.75
,5.5
,3.0
,3.0
,2.95
,2.45
,13.99
95.13,60.75
,1.17
,4.5
,2.5
,20.5
,3.9
,3.5
,8.3
,2.5
8.73,2.65
,7.42
,4.63
,1.09
,3.8
,15.75
8.69,5.27
,2.75
10.81,7.4
,3.9
,0.7
,5.9
,9.58
,24.95
,4.29
,11.5
,9.65
,3.75
,1.1
,31.41
,6.0
,5.55
,10.91
,7.25
,3.9
,3.95
,22.0
,3.38
,3.45
,5.75
,2.75
,30.3
,7.5
,6.87
,15.2
,3.5
,5.85
,2.5
,3.95
42.4,27.0
,6.75
,1.5
,3.9
,6.55
,9.44
23.37,10.77
,7.5
,3.0
79.78,11.75
,3.29
,6.5
5.87,3.8
,18.0
,4.95
7.63,4.52
,8.0
12.68,6.26
,7.5
,3.65
,3.35
,5.5
16.6,5.25
,16.25
,2.7
,32.9
,3.41
,4.15
,5.9
,11.5
,4.75
,3.5
,7.25
,4.35
5.72,4.99
,7.65
,9.0
,6.9
,2.9
,5.75
,8.0
4.93,4.41
,4.95
,14.4
,2.95
11.28,8.14
14.2,8.45
,12.5
,6.5
,7.72
,8.0
,3.0
,29.0
,4.11
,5.37
,6.55
,7.0
,5.48
,6.51
,5.15
,9.0
,2.75
,1.2
48.79,12.5
10.42,7.69
,4.57
,4.5
,4.9
,1.65
,3.25
,6.25
16.06,12.13
,3.25
,29.0
,5.53
11.27,8.75
,37.9
,2.4
,4.55
,2.65
,1.6
,25.72
,4.15
8.44,7.23
,2.6
,7.25
,14.29
,17.25
20.87,7.5
,4.35
11.96,8.9
,3.5
,6.1
,3.2
9.55,4.9
4.09,3.69
5.45,3.98
,2.95
,15.21
,6.3
8.38,6.69
15.02,9.5
,2.65
,7.5
,1.85
5.95,5.63
15.36,11.78
,0.85
,3.35
,4.11
,25.51
,3.1
,33.5
6.59,4.8
10.94,3.49
,5.15
,14.41
,4.75
,19.0
,4.9
,6.3
,2.4
,3.0
,4.25
10.15,6.3
9.83,8.15
,3.22
,7.65
,30.0
,2.3
,22.0
,3.28
,7.09
,6.46
,4.0
,11.0
,49.79
,4.8
62.07,35.0
,21.99
,1.1
,6.6
7.67,4.5
,1.0
9.97,6.9
,16.75
,25.49
67.67,35.5
8.18,6.28
,4.88
7.43,3.7
,3.45
,10.23
,6.5
,6.15
4.71,2.9
,5.5
,31.0
8.18,4.25
,5.48
,7.25
,3.0
53.68,29.5
,1.49
,3.65
12.12,10.9
6.05,4.3
,6.11
,15.5
,6.9
,4.69
,3.19
,3.75
10.25,8.6
,3.85
,67.83
,9.31
,3.0
,5.5
,13.3
,23.0
,3.35
,10.0
,2.95
10.04,6.75
,2.44
,5.85
10.83,7.4
,3.8
,3.8
,2.7
11.15,7.21
,7.9
8.23,4.2
,5.75
,3.45
,25.75
,16.59
,4.69
,7.5
19.37,16.5
,1.99
,5.25
,5.4
,3.9
,5.8
,30.5
,5.6
,23.0
7.01,5.15
,9.48
,2.38
,3.8
,5.5
,3.55
,6.35
,36.0
,1.1
7.63,3.7
,13.5
,2.85
,2.13
,7.75
,2.85
,4.95
,6.2
,17.5
6.8,2.25
,6.75
,9.73
10.83,8.49
,25.0
,5.59
,4.8
,5.45
,6.5
,4.35
,3.75
,12.0
,32.0
,4.0
,2.6
,4.45
,2.6
,16.0
,32.5
,13.85
,8.76
,23.68
8.13,5.5
,65.81
,4.99
,5.7
25.27,11.99
57.3,29.99
,9.5
,5.5
,23.0
,2.95
,4.9
,1.3
5.68,4.25
,16.36
,9.95
,5.5
11.75,8.25
,0.95
,4.01
9.36,8.2
,6.2
,16.75
,16.5
,3.75
,3.5
,5.43
,30.35
,7.99
,3.59
,1.9
,4.7
,7.25
38.72,24.46
7.7,3.9
,5.15
6.43,3.65
8.23,5.0
,2.3
,0.75
,1.85
,1.8
,4.41
,2.0
,5.55
,31.75
,32.0
,21.0
,2.75
,2.64
,14.19
5.44,3.85
,15.5
,1.9
,1.26
,2.4
48.79,11.5
,8.25
,2.75
,1.4
,2.9
,2.4
,4.75
,44.76
,6.22
5.67,4.5
,4.25
,5.5
,6.95
,4.56
19.18,13.82
,5.65
,6.2
,3.25
,8.5
,7.25
,4.61
,5.3
,1.9
,3.09
,9.5
,12.65
,4.25
,2.95
,3.45
,3.3
,8.0
,2.71
,2.7
,4.5
,18.75
,5.25
,3.2
7.91,6.0
,3.14
3.96,2.55
,2.3
,5.65
,48.22
4.24,3.0
,7.5
,2.6
70.55,61.25
,3.5
39.27,28.95
,15.0
,4.25
,59.0
,6.6
,5.2
,10.0
,35.0
,8.75
6.41,4.57
,2.5
,1.75
,20.11
,7.8
,3.61
,1.11
9.47,4.6
,85.0
,5.25
,3.3
,17.75
,35.0
,13.39
,2.5
20.74,18.36
,5.95
,11.0
1.39,64.75
,6.3
,11.94
,5.95
,11.0
,12.53
,3.75
,27.0
,9.95
,4.2
,2.0
,3.25
,34.0
71.82,30.37
,12.6
4.78,5.09
,24.5
,7.97
,2.9
54.43,21.33
,6.5
,12.15
,4.25
55.07,35.84
33.51,3.0
15.94,6.75
,5.65
,7.5
,13.34
,7.9
,6.98
,5.75
,2.65
,2.49
,1.5
,6.5
,8.0
34.45,30.85
,17.15
,4.55
,7.4
,25.64
,13.5
,3.55
,15.0
,1.95
,2.3
,15.0
,3.15
,5.0
,24.75
,2.6
,3.75
,4.85
,27.0
,3.0
,28.75
,14.49
,72.0
11.48,4.0
,4.5
6.8,6.25
,11.5
,3.1
,10.11
,11.54
,1.0
,2.5
,18.0
,6.85
,2.97
,4.75
,7.38
,42.75
,3.65
,5.99
,13.5
,7.0
,10.95
,2.95
7.15,5.5
33.36,17.08
,6.85
,10.5
,8.75
,2.7
13.7,4.25
10.63,7.9
,4.5
,4.0
,4.75
,7.65
,3.47
,5.64
,2.95
,5.65
,8.41
,0.85
,0.8
10.32,5.65
,4.5
,6.9
,2.2
,4.0
,5.6
4.43,2.2
,4.0
,16.0
,12.6
,4.79
,3.65
,6.83
,0.51
,0.69
,4.65
,6.49
,2.9
,7.4
,3.25
,1.95
,4.0
,6.85
,5.45
,1.99
,8.99
,6.5
,9.27
,6.99
,36.76
,17.08
,2.8
,2.49
,8.85
,4.15
14.2,10.0
6.54,4.75
,3.2
,3.28
,7.5
8.71,7.39
,3.65
,11.0
,3.0
,2.25
,2.83
,4.11
,14.7
,25.0
,2.35
,6.41
12.68,5.75
,17.55
,10.25
,3.16
,22.5
,3.55
,9.86
,45.0
,7.99
,6.5
,0.75
,9.87
,6.36
15.02,9.5
,6.05
,2.15
,5.5
,1.25
,11.99
,2.5
13.4,11.66
,0.53
,3.1
,2.6
,5.09
,2.3
,6.0
,4.4
,11.0
,5.7
,6.95
,7.9
,29.3
,10.24
,5.35
,3.49
,2.85
,5.35
,3.62
,6.25
,3.19
7.96,5.5
,7.67
,5.5
,6.6
,55.0
,21.0
,4.5
,20.67
,6.5
,37.98
,1.45
,2.95
,7.9
11.88,10.07
,6.5
,22.0
,9.75
,6.0
,3.99
,1.75
,19.75
21.36,16.95
,6.8
,0.99
,2.95
,42.83
45.67,21.5
,7.9
,2.3
5.92,2.75
,6.71
,9.6
,12.81
6.59,6.94
,9.45
,6.0
,11.0
,2.6
,1.95
,45.0
,22.0
,4.9
15.06,6.25
,6.1
,2.6
,120.0
,29.0
,3.3
,3.05
,3.25
,3.75
,13.25
6.42,4.8
4.04,3.8
,8.5
,38.76
,3.2
,3.5
,12.25
8.99,4.75
,4.5
,2.35
,3.4
15.68,10.0
,9.0
,5.2
,1.85
,38.0
,5.11
12.44,9.66
,3.4
,5.84
5.77,3.8
,2.5
,6.95
,5.5
,6.19
,6.0
,3.75
,9.46
,3.0
,5.75
,4.41
4.78,3.7
,2.5
,5.35
,3.65
,13.0
,2.45
,5.75
,8.11
,7.75
9.51,5.85
4.78,4.29
13.33,8.0
,16.5
,5.5
,6.35
,7.9
,7.2
,3.65
,6.35
,7.8
,1.4
,5.5
,8.5
,10.48
,0.75
,1.3
,21.0
,2.3
,14.95
,35.92
,4.5
,5.5
,4.45
,6.85
,5.5
6.62,5.07
,3.85
,7.95
,1.25
,3.64
,20.0
,10.36
,1.85
,4.05
,48.5
15.01,8.25
,5.25
,4.4
40.73,25.75
,29.52
,2.1
,3.71
,7.5
11.75,9.44
,1.2
,24.0
49.14,35.0
,8.25
,9.75
,3.45
33.21,11.85
,16.14
,3.7
,4.0
,5.8
,4.65
,15.0
,6.8
,10.25
,2.7
,8.5
,7.75
,2.7
,1.3
,1.75
14.72,13.2
,1.0
,6.37
,4.5
,6.5
,4.99
,43.3
,6.5
,2.25
,9.95
,7.35
8.09,4.6
,8.5
15.05,11.86
,8.0
,21.5
,1.3
,5.9
,9.5
,4.5
,2.25
,3.35
,0.7
,16.0
,8.0
,100.0
,4.74
,36.0
,5.54
36.94,22.99
,10.08
,2.85
,0.55
,45.52
10.52,7.29
,4.3
,4.8
,5.25
,2.8
,4.35
,5.49
,3.1
,6.5
,6.4
,6.22
,8.4
7.91,5.9
4.45,3.4
,6.5
,1.7
,6.0
,11.9
,48.0
10.65,8.0
,2.45
,1.75
,21.75
,7.25
,3.0
,2.51
,19.6
,15.5
,11.5
,1.76
,4.68
20.46,4.0
,2.8
,8.25
,1.7
,14.85
15.14,12.85
,16.0
,4.7
,5.94
,8.0
,5.45
39.22,26.76
10.15,3.5
,1.39
,4.7
8.09,5.75
,8.11
,0.75
,1.0
,5.3
,8.0
,2.74
8.78,7.5
21,13.5
,2.2
,13.25
,3.88
,0.85
5.56,5.11
,4.25
53.14,16.52
,0.6
,4.8
,6.25
,8.3
,3.25
,7.75
,30.54
,2.27
,2.96
7.77,4.0
,5.25
,17.56
11.91,3.25
,4.0
,2.2
9.93,7.43
,10.75
,2.75
,45.0
,19.75
6.63,3.2
,4.75
,9.48
,4.83
7.88,4.75
,4.0
,2.9
,2.65
,2.5
